﻿<?xml version="1.0" encoding="utf-8"?>
<Dictionary>
  <Words>
    <Unrecognized>
      <!--<Word></Word>-->
    </Unrecognized>
    <Recognized>
      <Word>zilf</Word>
    </Recognized>
    <Deprecated>
      <!--<Term PreferredAlternate=""></Term>-->
    </Deprecated>
    <Compound>
      <!--<Term CompoundAlternate=""></Term>-->
    </Compound>
    <DiscreteExceptions>
      <!--<Term></Term>-->
    </DiscreteExceptions>
  </Words>
  <Acronyms>
    <CasingExceptions>
      <Acronym>COND</Acronym>
      <Acronym>EZIP</Acronym>
      <Acronym>XZIP</Acronym>
      <Acronym>YZIP</Acronym>
      <Acronym>ZIP</Acronym>
    </CasingExceptions>
  </Acronyms>
</Dictionary>
